﻿id,ime_recepta
20002,Kremšnita a la Ines
20003,Hruškočoki
20004,Torta pistacija - hruška
20005,Goveja enolončnica s fižolom in mulato čilijem
20006,Boranja »ala fasulas«
20007,Hitri puranji polpeti
20008,Makaroni s tuno in olivami
20009,"Štajersko ""tenstano"" kislo zelje 
20010,Pita s porom in hokaido bučo
20011,Jelenja pečenka
20012,Brancin v soli malo drugače
20013,Enostavno listnato testo
20014,Juha "Včeraj smo imeli piknik" 
20015,Svinjska ribica z jabolčno - parmezanovo sredico
20016,Oslič na lešo s paradižnikovo "šalšo" 
20017,Krompirjevo - koruzna enolončnica z žličniki
20018,Sipa na način lene gospodinje
20019,"Koroški" žganci 
20020,Pereci
20021,Kremna brokolijeva juha s slanimi hrustljavčki
20022,"Kumaričin "zos" 
20023,Zdravo sladkanje
20024,Mačje oči
20025,Polpeti iz ohrovta
20026,Jabolčna pita
20027,Domači kavbojski fižol
20028,Kostanjeva juha
20029,Praznični piškoti
20030,Tenstane bučke
20031,Jesenski navihančki
20032,Breskvice
20033,Čokoladno malinova torta
20034,Moto keksi
20035,Mesne kroglice v bešamelu - đulbastije
20036,Zmajeva potica
20037,Grozdna marmelada
20038,Klobučki
20039,Mini kolački iz mikrovalovke
20040,Črno-bele rezine
20041,Namaz iz sardin in fižola
20043,Testenine brez OH v omaki
20044,Torta piškotek (Cookies torta)
20045,Žar krompir iz pečice
20046,Čokoladne kocke
20047,Hitra jabolčna torta
20048,Grški tzatziki
20049,Krompirjevi kroketi presenečenja
20051,Kruh z gorgonzolo in mletimi orehi
20052,Mali zeleni - mafini
20053,Kruhova skodelica 
20054,Moj Esich Fleisch
20055,Palamida z zelenjavo
20056,Prosena kaša s pudingom
20057,Ekstremno dobra torta
20058,Pikantna čili omaka
20059,Začinjena čili omaka
20060,Bosanski lokum
20061,Kokos kroglice s srcem
20062,Bel kokosov pornič
20063,Vaflji
20064,Bučkina pita
20065,Sataraš
20066,Beli čokoladni liker - iz bele čokolade!
20067,Zelena bučna tortica
20068,Suhe slive v slanini
20069,Bučne žemljice
20070,Ovsena kaša ala Svenska
20071,Hitre sobotne čoko kocke
20072,Kakijev kozarček
20073,Orehova torta
20074,Sogan dolma
20075,Špecli s sirom; smetano in pršutom 
20076,Martinov grozd ali Martinov kruh
20077,Krompirjev narastek z bučkami in pinjolami
20078,Špageti alla Siracusana
20079,Melisino vino
20080,Indijanka
20081,Pirini žepki z jabolčno - orehovim nadevom
20082,Orada s hrustljavo polento
20083,Leni burek
20084,Slana rulada - piramida
20085,Orehovo - skutine kocke
20086,Jesenska juha »ala fasulas«
20087,Harmonika kolač s cimetom
20088,Pečene krače divjega prašiča 
20089,Sočni polpetki
20090,Kokosove palčke
20091,Izvrstno pecivo brez peke za manj kot 5€
20092,File v ovoju s slanino 
20093,Jajčna solata
20094,Babičina vroča čokolada
20095,Fižolovi njoki s kislo repo in hrustljavo slanino
20096,Skutine rezine z višnjami
20097,Pirin kruh iz ponve
20098,Korenčkova pita z jabolki
20099,Moja mega raca
20101,Svinjski medaljončki v ovoju slanine s skutno-smetanovo omako
20102,Ajdovi polpeti
20103,Božični piškoti
20104,Medeni božični piškoti
20105,Pogača žemljevka
20106,Jajca s porom in mandarino
20107,Metini piškoti
20108,Vložena paprika drugače
20109,Mekike
20110,Banane v testu s pudingom
20111,Tortilje na moj način :)
20112,Testo za najboljše tortilje
20113,Čokoladni muffini
20114,Super banana
20115,Medena potica
20116,Slastni ocvirkovi kolački
20117,Smetanova omaka z tuno in bučkami
20118,Piščanec po kmečko
20119,Ekspresna pica brez vzhajanja
20120,Rustična borovničevo - čokoladna torta
20121,Perutninski narastek
20122,Odlična pogača
20123,Skutina rezina z goji jagodami
20124,Kolerabin pomfrit
20125,Eksotična limonada
20126,Piškoti za lenuhe
20127,Lososov tartar
20128,Marmelada iz malin in chia semen
20129,Zeleni smoothie
20130,Mesne kroglice
20131,Kuhano pivo 
20132,Tartar iz rakovih repkov; manga in avokada 
20133,Testo za pizzo
20134,Lignji na pirini "rižoti" 
20135,Ingverjev čaj 
20136,Pehtranova potica
20137,Pecivo na lončke
20138,Vanilijev puding z jabolki in cimetom
20139,Malo bolj zdrava orehova potica
20140,Pečene curry perutničke
20141,Vege tortellini z okusom po dimljenem siru
20142,Kardamomov kolač
20143,Domači prijatelj
20144,Kokosovi poljubčki
20145,Ingverjevi medeni piškotki
20146,Rustikalni piškoti s kakavom; goji jagodami in arašidi 
20147,Čajni avokado piškotki s konopljo
20148,Toffifee mafini
20149,Panettone
20150,Vodne blazinice
20151,Božični čokoladni liker
20152,Piškoti stare mame Kissinger
20153,Ingverjevi piškoti
20154,Zelenjavna torta z rdečim zeljem in orehi ter konjakovo smetano
20155,Makov nadev za potico
20156,Rožičev nadev za potico 
20157,Puranji zrezki v smetanovi omaki
20159,Kako porabiti beljake
20160,Kuhano vino
20161,"After eight" pita 
20162,Torta Ljubljana po prekmursko
20163,Bananino - čokoladni shake
20164,Ponarejeni cake popsi
20165,Krompirjeva solata s feto; kaprami in olivami 
20166,Parmigiana z jajčevci
20167,Kolač novoletno - božični 
20168,Solata; da te kap 
20169,Polnjeni kalamari malo drugače
20170,Vroče hladen vegetarijanski krožnik
20171,Krvavice z zapečenim kislim zeljem
20172,Bučna rulada
20173,Zelenka« ala fasulas
20174,Beljakov kolač
20175,Sirup vitamin C
20176,Solatna bomba 2 »ala fasulas«
20177,Pravi istrski taco (ali pešt)
20178,Twix
20180,Tortelini z gobami
20181,Bananino - karamelna pita (Banoffee) 
20182,Pudingovo pecivo 
20183,Zaljubljeno testo
20184,Bananina torta
20185,Polpeti na moj način
20186,Ajdova torta z ribezovo marmelado
20187,Brstični ohrovt s poširanim jajcem na kruhu
20188,Tirolski knedli z gosto čebulno juho oz. "Kasspeckknödelsuppe" 
20189,Domači ajvar
20190,Domač čokoladni namaz
20191,Piščančja nabodala z ananasom
20192,Fokača / Focaccia
20193,Bajadera
20194,Trideset minutne bombetke
20195,Ajdove rezine
20196,Zelje s kvinojo
20197,Pečene polnjene palačinke
20198,Kakijeve čašice
20199,Okusna ponev z lignji
20200,Burrito z jajci
20201,Kunec z mladim grahom in šampinjoni
20202,Pražena telečja jetra s krompirjem po Zadarsko
20203,Testeninčica
20204,Naan
20205,Zmajev kolač
20206,Rožičevi muffini s čokolado
20207,Muffini s pistacijami
20208,Muffini iz ajdove moke
20209,Kavna torta
20210,Tomov souffle (sufle) 
20211,Ajdova torta z ribezovo marmelado; lešniki in jabolki 
20212,Kivi in mascarpone pita
20213,Koruzni kruh
20214,Pecivo s srcem
20215,Pomarančno - čokoladni marmorni kolač
20216,Finski božični piškoti
20217,Sadna jogurtova strjenka
20218,Pirin narastek z gobicami
20219,Špageti s česnom; oljem in čilijem 
20220,Ričota
20221,Pasijonkin tiramisu
20222,Francoska solata - strjenka
20223,Rižev narastek
20224,Napitek za lepši spanec
20225,Peresno lahko pecivo z grškim jogurtom
20226,Indijančki
20227,Čokoladni hlebčki
20228,Nutellčki
20229,Moj domači kruhek
20230,Čokoladni kolač
20231,Limonini kolački
20232,Pečena svinjska rebrca s šampanjcem
20233,Torta čokoladna mavrica
20234,Pasijonkina pita
20235,Slana pita
20236,Kavina torta z ricotto
20237,Piškotki Philadelphija
20238,Mandljev kruh 
20239,Narastek iz prosene kaše
20240,Jabolčna torta z orehi; belo čokolado in cimetom 
20241,Pomarančni marmorni kolač
20242,Medenjaki
20243,Fini keksi
20244,Čokoladni kolački z avokadom; banano in mandlji  
20245,Presni ''sirni'' namaz
20246,Krekerji iz semen
20247,Marmeladni muffini
20248,Borovničeva "krašotica" 
20249,Hitri krofi
20250,Litrski kruh
20251,Žepki z avokadom
20252,Bučkina juha
20253,Opičji kruh aka Monkey Bread
20254,Valentinov kolač s srcem
20255,Hrustljavi čokolini
20256,Tabasco omaka malce drugače
20257,Pisana solata z avokadom
20258,Lovska ali stefani pečenka po moje
20259,Mini krofki 
20260,Tortica za valentinovo
20261,Pustni piškoti
20262,Pustne bombetke brez cvrtja - iz pečice
20263,Borovničeva torta 
20264,Jogurtova torta z avokadom
20265,Krompirjeva torta s špinačo; pršutom; sirom 
20266,Čokoladne vrtnice
20267,Otroška torta
20268,Motovilčeva solata s postrvjo
20269,Kašnice; kašne klobase 
20270,Kozice v smetanovi omaki
20271,Jagodna torta z Linolado 
20272,Ričet
20275,Kuskusovi žličniki s čemažem ali špinačo
20276,Mini tortice
20277,Pomarančni biskvit
20278,Bordo marmelada 
20279,Krogci z gresom in višnjami
20280,Pica kruh v obliki rože
20281,Pizza sonce
20282,Skrite hrenovke
20283,Palačinke v pečici
20284,Čokoladni rezanci
20285,Bakalca
20286,Jogurtov biskvit za rulado
20287,Krompirjevo - ribje polpete
20288,Jagodna "krašotica" 
20289,Limonine tortice
20290,Pekoče testenine 2 »ala fasulas«
20291,Prleška ajdova župa »ala fasulas«
20292,Proteinske kroglice s temno čokolado
20293,Velikonočna šunka s kostjo v krušnem testu
20294,Špinačno - pirini njoki
20295,Čokoladni kolač s hruško
20296,Dream mix
20298,Korenčkova solata z dodatki
20299,Čokoladna salama
20300,Makovčki
20301,Piščanec v kokosu
20302,Pogača
20303,Soba rezanci z azijskimi okusi
20304,Kavina torta z domačim pudingom
20305,Domači kavni puding
20306,Piškoti kavna zrna
20307,Solata s svežo jogurtovo polivko
20308,Babičini žepki
20309,Malinine sanje
20310,Testenine s tuno; repki kozic in rakovimi palčkami 
20311,Telečji navihančki
20312,Kremna gobja omakica
20313,Osja gnezda s kokosom
20314,Kremna čemaževa juha
20315,Testenine s čemažem
20316,Zebrice
20317,Makova tortica z mascarpone sirom
20318,Chia puding z mangom
20319,Goveji zrezki v omaki iz koreničja
20320,Ajdov kolač s suhim sadjem
20321,Vranični jušni žličniki
20322,Cvetačni stir fry
20323,Palačinke iz pečice z Nuttelo in bananami
20324,Pilav s svinjino in pečenim česnom
20325,Hruškova poslastica
20326,Pašteta dimljene šunke z marmelado rdeče čebule in hrenovo peno
20327,Sočen in hrustljav jagenček v pečici
20328,Poslastica iz katerega koli sadja
20329,Pečeno kosilo po moje
20330,Ocvrte miške
20331,Rožičev puding; ki pogreje 
20332,Testenine s tunino omako
20333,Carski praženec 2015
20334,Pečena ajdova kaša
20337,Nutellina zvezda
20338,Fantazija testenin in klobase
20339,Piškotna torta z Nutello
20340,Torta Saint Honore
20341,Navaden biskvit
20342,Rozinino bananino pecivo
20343,Anine rezine
20344,Pudingove rezine
20345,Pirine palačinke s stopljenim sirom
20346,Skutina pita
20347,Bučkin polpet »ala fasulas«
20348,Masleni piščanec s kuskusom
20349,Topla krompirjevo hrenova omaka s hrenovko
20350,Riževa solata s tuno in kislo smetano
20351,Beljakov dvopek
20352,Pečeni šparglji z makaroni
20355,Piščančji tunel 
20356,Ovseni snickers
20357,Čemaževa juha s krompirjem in slanino
20358,Jabolčno - skutin štrudelj z dodatkom banan
20359,Planica puding
20360,Tunini polpeti Ekspres
20361,Ameriške palačinke
20363,Najboljše domače testo za pizzo
20364,Kraški kruhki
20365,Sirup za zdravje
20366,Čemaževo sirova juha
20367,Prebranac po dolenjsko
20368,Čokoladni piškoti s čilijem
20369,Masleni skutini vzhajanči
20370,Žitni polpeti
20371,Karamelne lunice
20372,Rumena soja v zrnju s čebulo in šparglji
20373,Pizza Dog
20374,Zeliščna frtalja
20375,Spomladanski štrukeljček
20376,Ješprenj s kislim zeljem
20378,Kremna juhica
20379,Razpokana torta
20380,Ovsena kaša z banano in orehi
20381,Marmorni kolač - šarkelj
20382,Bananin sladoled
20384,Jabolčne rožice 
20385,Svinjski kare z zelišči
20386,Jabolčni kolač
20387,Browniji z malinami
20388,Tris tradicionalnih polent
20389,Špageti s paradižnikom »ala fasulas«
20390,Ocvrte sardele »ala fasulas«
20391,Cheesecake pecivo iz pirine moke
20392,Lazanja
20393,Bešamel 
20394,Domača mlečna čokolada
20395,Pizza sončnica
20396,Univerzalno testo
20397,Ajdov namaz
20398,Sadna kupa
20399,Čokoladni mafini
20400,Pita s šparglji in čemažem