﻿ime,id
DUŠANKA,1
rimljanka,2
mamamia,3
anamarija1,4
Dragička,5
Trixi,6
katka lopatka,7
Vendelina jr.,8
mopsika,9
ežoj,10
jade,11
elaphus,12
Loni,13
babka1951,14
bannanna,15
Vanja_v_ZDA,16
Vrtejbenka,17
stana.r,18
naor,19
morska medvedka,20
suziqatro,21
SMARTY1,22
mišzmoke,23
nb,24
gogad,25
ribaracarak,26
hedonist,27
jernej,28
limnol,29
Migla,30
anka,31
Katarinči,32
breskva,33
Pitončica,34
Veri,35
Marinka,36
Ognjič,37
lidka,38
mamaF,39
Atina,40
Ninja24,41
Katarina K,42
Reca,43
nola,44
sarabande,45
Julya,46
Blanchy,47
Cila,48
lucka52,49
tulka,50
Simona84,51
katti,52
hribovc61,53
Kyara,54
tjas,55
rebecca,56
marta,57
fakin712,58
proxima,59
Balenka,60
majamarko,61
ligojna,62
vanjatajnsek,63
zzak1977,64
anja,65
nenci,66
MBrando,67
primozg,68
darjuška,69
ZAČETNICA,70
Jelenckova,71
mimika,72
fresh,73
kozamurnik,74
rosie,75
jasna1,76
JanisJoplin,77
Sweetie,78
miia,79
matilda,80
marjja,81
galja,82
Roncolino,83
kobra 1,84
katjushka,85
mizarka,86
Lisa,87
dari,88
anaeva,89
Riko,90
Marjetka cvetka,91
DBpek,92
aki,93
Vesna rada peče,94
Lijana,95
sweets,96
SINEJA,97
riba-ribica,98
Fala Slonček,99
buča,100
kača,101
majdi,102
andreja m,103
Milži,104
marelica,105
spodbe,106
MiriBon,107
katrin11,108
ledenka_,109
Anomis,110
irenakr,111
zeta,112
daga,113
RadaJem,114
angie.orhideja,115
Dolores,116
teta torta,117
Nena-morje,118
rdkapica,119
tumpika,120
spagon,121
anja27,122
Venturini,123
ksenjako,124
Anemiilat,125
renata69,126
terlikar 1,127
Lady_L,128
sinicka,129
MissLady,130
s0ncek*,131
receptor,132
ena mš,133
Teka,134
fasulas,135
pinka,136
mojezlato,137
matjaž,138
Sanja_G,139
jančibake,140
val,141
veverica,142
drejcek,143
bučmanka,144
Vesnuska,145
titta,146
666,147
Sy,148
Kristalka,149
tedyka,150
Katja D,151
OlivaB,152
_ZALA_,153
VilmaS,154
jaša,155
čebulka,156
Rožica,157
galyka,158
shari2007,159
TORTICA,160
ninkica,161
tanjaj,162
nektarina,163
linolina,164
silva,165
mali kuhar,166
sweety,167
alexis,168
klavdijaB,169
tinca,170
Jannaa,171
jankica,172
terezija,173
lisicka,174
Jerneja USA,175
čoko,176
slivovi cmoki,177
t-baby,178
beva,179
SUZANAZ,180
natalikuha,181
vitta555,182
November_Moon,183
bojanz6,184
JelkaF,185
pultica,186
BlurredLimes,187
Chef95,188
mdominko,189
mmmuffinsandco,190
galy,191
Kanna1984,192
Mme,193
danica85,194
MP214,195
sharonstone,196
cincila73,197
sandra68,198
Frklaa,199
nastjaa,200
piskrcek,201
zivagreen,202
MMATEYKA,203
ancikabanancika,204
tyros,205
Nina_Nia,206
gobica10,207
teodorca,208
Barbara_M,209
Sandra_a,210
anya_raikkonen,211
spakica,212
goga,213
tulipanka,214
pikapolonica80,215
anja5588,216
Dunchi,217
SandraM,218
majacebelica,219
blala,220
ljuljak,221
AriadnaXY,222
Lojzka123,223
kristi_22,224
metuljcica23,225
sa_m,226
pekicabest,227
Marina_M,228
simond,229
mihelich,230
ancii,231
Janja,232
borutdez,233
14moniii,234
Popers,235
PetraPan,236
vesoljec,237
05sostar,238
nivkapivka,239
tibe,240
Celeste,241
strukla,242
ajga1,243
pilatus,244
scobidoo1234,245
Levinjav,246
bananasplit14,247
little_me,248
npahor4,249
ssilva,250
nessy21,251
dorca,252
Maja92,253
barbaraca,254
abaximan,255
lanakuft,256
smajo,257
anci1234,258
nxyz,259
RahXephon1,260
kuhardenis,261
sportdelta,262
Vesper,263
billika5,264
Olga321,265
posavka,266
pestoja,267
Evvva,268
Jamjam,269
pegasti,270
Tanja01,271
SUFLE,272
gegy,273
kepa11,274
Abeta,275
topsi,276
fizik,277
Mandi_doo,278
dado1010,279
nanastil,280
missan,281
Pesjaner1,282
teyc,283
anasteele,284
noangel,285
dobrejedi,286
Nejcha,287
Valchxy,288
BarByKaa,289
KarelVeliki,290
branco,291
P3T4A,292
ancica003,293
Patricija92,294
aryy,295
beno71,296
ZvonkaK,297
midvakuhava,298
lellykely,299
piciikaa,300
evc79,301
BlizuMesta,302
Merlisa,303
anneycyrus,304
Victor,305
micimaci,306
Receptomanka,307
nerwen,308
kokljeva,309
skinna,310
fruza,311
Vanillia,312
P_89,313
zes5ana,314
gurmankaH,315
Piskotka,316
jasna83,317
andda,318
MihaelaB,319
svenska,320
bs_ovka,321
Brusnica,322
kambro,323
Omnomnom,324
tija87,325
April is cooking,326
Božo1969,327
Milky whey,328
Maks Klemenčič,329
Patricija 92,330
Ančikaa,331
božiček1,332
Eva Ana,333
T as Tasty,334
La Parisienne,335
boštjanno,336
Sweetness Bakery,337
White Daisy,338
kuharica Sara,339
the tina,340
Zorana,341
Sabina Jug,342
kuharica k,343
zlodej marko,344
ivanal123,345
Robi Š,346
