"id","ime","datum","opis"
"1","DUŠANKA","2005-07-12","Vrhunski mojster, (kuhar; komentator; fotograf)"
"2","rimljanka","2005-02-14","Vrhunski mojster, (komentator)"
"3","mamamia","2004-11-09","Vrhunski mojster, (kuhar; komentator; fotograf)"
"4","anamarija1","2005-08-19","Vrhunski mojster, (kuhar; komentator; fotograf)"
"5","Dragička","2003-12-09","Vrhunski mojster, (kuhar; komentator; fotograf)"
"6","Trixi","2003-09-23","Vrhunski mojster, ""(kuhar; komentator)"""
"7","katka lopatka","2006-12-01","Vrhunski mojster, (kuhar; komentator; fotograf)"
"8","Vendelina jr.","2006-05-17","Vrhunski mojster, ""(kuhar; komentator)"""
"9","mopsika","2014-03-05","Vrhunski mojster, ""(kuhar; komentator)"""
"10","ežoj","2006-02-24","Vrhunski mojster, ""(komentator; fotograf)"""
"11","jade","2004-11-11","Vrhunski mojster, (kuhar; komentator; fotograf)"
"12","elaphus","2002-09-27","Vrhunski mojster, (kuhar; komentator; fotograf)"
"13","Loni","2001-12-12","Vrhunski mojster, ""(kuhar; komentator)"""
"14","babka1951","2012-08-22","Vrhunski mojster, ""(komentator; fotograf)"""
"15","bannanna","2006-05-25","Vrhunski mojster, (kuhar; komentator; fotograf)"
"16","Vanja_v_ZDA","2008-11-14","Vrhunski mojster, (kuhar; komentator; fotograf)"
"17","Vrtejbenka","2011-02-15","Vrhunski mojster, (kuhar; komentator; fotograf)"
"18","stana.r","2004-11-28","Vrhunski mojster, (kuhar; komentator; fotograf)"
"19","naor","2010-03-04","Vrhunski mojster, (komentator)"
"20","morska medvedka","2004-08-31","Vrhunski mojster, (kuhar; komentator; fotograf)"
"21","suziqatro","2011-04-25","Vrhunski mojster, (kuhar; komentator; fotograf)"
"22","SMARTY1","2014-02-26","Vrhunski mojster, (kuhar; komentator; fotograf)"
"23","mišzmoke","2010-08-28","Vrhunski mojster, ""(komentator; fotograf)"""
"24","nb","2005-11-29","Vrhunski mojster, ""(komentator; fotograf)"""
"25","gogad","2004-04-28","Vrhunski mojster, ""(komentator; fotograf)"""
"26","ribaracarak","2003-04-03","Vrhunski mojster, ""(komentator; fotograf)"""
"27","hedonist","2008-06-26","Vrhunski mojster, ""(komentator; fotograf)"""
"28","jernej","2001-08-30","Vrhunski mojster, ""(kuhar; komentator)"""
"29","limnol","2001-11-16","Vrhunski mojster, ""(kuhar; komentator)"""
"30","Migla","2004-06-16","Vrhunski mojster, (kuhar; komentator; fotograf)"
"31","anka","2005-09-07","Vrhunski mojster, (kuhar; komentator; fotograf)"
"32","Katarinči","2015-12-27","Vrhunski mojster, ""(komentator; fotograf)"""
"33","breskva","2007-10-11","Vrhunski mojster, ""(komentator; fotograf)"""
"34","Pitončica","2005-06-07","Vrhunski mojster, (kuhar; komentator; fotograf)"
"35","Veri","2004-10-21","Vrhunski mojster, ""(kuhar; komentator)"""
"36","Marinka","2001-09-03","Vrhunski mojster, (kuhar)"
"37","Ognjič","2006-01-18","Vrhunski mojster, (komentator)"
"38","lidka","2002-12-16","Vrhunski mojster, ""(kuhar; komentator)"""
"39","mamaF","2008-01-21","Vrhunski mojster, (kuhar; komentator; fotograf)"
"40","Atina","2004-11-29","Vrhunski mojster, ""(komentator; fotograf)"""
"41","Ninja24","2007-03-31","Vrhunski mojster, (kuhar; komentator; fotograf)"
"42","Katarina K","2008-07-05","Vrhunski mojster, ""(komentator; fotograf)"""
"43","Reca","2004-03-01","Vrhunski mojster, (komentator)"
"44","nola","2006-01-25","Vrhunski mojster, (kuhar; komentator; fotograf)"
"45","sarabande","2002-05-01","Vrhunski mojster, (kuhar; komentator; fotograf)"
"46","Julya","2004-12-09","Vrhunski mojster, ""(kuhar; komentator)"""
"47","Blanchy","2005-12-22","Vrhunski mojster, ""(komentator; fotograf)"""
"48","Cila","2006-10-05","Vrhunski mojster, (komentator)"
"49","lucka52","2007-07-13","Vrhunski mojster, (kuhar; komentator; fotograf)"
"50","tulka","2008-08-09","Vrhunski mojster, (komentator)"
"51","Simona84","2005-10-27","Vrhunski mojster, (komentator)"
"52","katti","2005-11-04","Vrhunski mojster, (kuhar; komentator; fotograf)"
"53","hribovc61","2013-10-14","Vrhunski mojster, ""(komentator; fotograf)"""
"54","Kyara","2006-05-24","Vrhunski mojster, (kuhar; komentator; fotograf)"
"55","tjas","2003-04-15","Vrhunski mojster, ""(kuhar; komentator)"""
"56","rebecca","2002-03-19","Vrhunski mojster, (komentator)"
"57","marta","2001-08-31","Vrhunski mojster, (kuhar; komentator; fotograf)"
"58","fakin712","2005-03-29","Vrhunski mojster, (komentator)"
"59","proxima","2003-10-21","Vrhunski mojster, ""(kuhar; komentator)"""
"60","Balenka","2004-04-28","Vrhunski mojster, (komentator)"
"61","majamarko","2003-09-26","Vrhunski mojster, (komentator)"
"62","ligojna","2003-12-22","Vrhunski mojster, (kuhar; komentator; fotograf)"
"63","vanjatajnsek","2005-06-06","Vrhunski mojster, (kuhar; komentator; fotograf)"
"64","zzak1977","2009-07-31","Vrhunski mojster, (komentator)"
"65","anja","2001-09-02","Vrhunski mojster, (kuhar; komentator; fotograf)"
"66","nenci","2005-08-10","Vrhunski mojster, ()"
"67","MBrando","2011-08-04","Vrhunski mojster, (komentator)"
"68","primozg","2003-03-11","Vrhunski mojster, ""(kuhar; fotograf)"""
"69","darjuška","2005-07-04","Vrhunski mojster, (kuhar; komentator; fotograf)"
"70","ZAČETNICA","2007-02-02","Vrhunski mojster, (komentator)"
"71","Jelenckova","2005-03-30","Vrhunski mojster, ""(kuhar; komentator)"""
"72","mimika","2002-01-07","Vrhunski mojster, (komentator)"
"73","fresh","2006-05-04","Vrhunski mojster, ""(kuhar; komentator)"""
"74","kozamurnik","2008-03-08","Vrhunski mojster, (komentator)"
"75","rosie","2007-09-15","Vrhunski mojster, ""(komentator; fotograf)"""
"76","jasna1","2005-09-24","Vrhunski mojster, ""(kuhar; komentator)"""
"77","JanisJoplin","2011-01-20","Vrhunski mojster, (komentator)"
"78","Sweetie","2004-01-22","Vrhunski mojster, (kuhar; komentator; fotograf)"
"79","miia","2005-12-21","Vrhunski mojster, (kuhar; komentator; fotograf)"
"80","matilda","2006-08-16","Vrhunski mojster, (komentator)"
"81","marjja","2011-09-06","Vrhunski mojster, (komentator)"
"82","galja","2004-07-06","Šef, ""(kuhar; komentator)"""
"83","Roncolino","2007-03-26","Šef, (kuhar; komentator; fotograf)"
"84","kobra 1","2006-06-15","Šef, (komentator)"
"85","katjushka","2004-09-15","Šef, (komentator)"
"86","mizarka","2006-05-24","Šef, ""(komentator; fotograf)"""
"87","Lisa","2005-01-13","Šef, (komentator)"
"88","dari","2004-08-21","Šef, (komentator)"
"89","anaeva","2007-11-14","Šef, (komentator)"
"90","Riko","2001-08-30","Šef, ""(kuhar; komentator)"""
"91","Marjetka cvetka","2004-12-27","Šef, ""(kuhar; komentator)"""
"92","DBpek","2012-06-19","Šef, ""(komentator; fotograf)"""
"93","aki","2004-04-23","Šef, ""(kuhar; komentator)"""
"94","Vesna rada peče","2013-11-09","Šef, ""(kuhar; fotograf)"""
"95","Lijana","2002-12-06","Šef, (komentator)"
"96","sweets","2008-08-16","Šef, (kuhar; komentator; fotograf)"
"97","SINEJA","2006-09-22","Šef, ""(komentator; fotograf)"""
"98","riba-ribica","2005-02-25","Šef, (komentator)"
"99","Fala Slonček","2015-10-02","Šef, ""(kuhar; fotograf)"""
"100","buča","2006-07-29","Šef, (komentator)"
"101","kača","2004-01-11","Šef, ""(komentator; fotograf)"""
"102","majdi","2003-11-18","Šef, (kuhar; komentator; fotograf)"
"103","andreja m","2010-10-12","Šef, ""(kuhar; komentator)"""
"104","Milži","2007-06-08","Šef, (komentator)"
"105","marelica","2005-08-27","Šef, (komentator)"
"106","spodbe","2009-12-18","Šef, ""(komentator; fotograf)"""
"107","MiriBon","2011-10-25","Šef, (komentator)"
"108","katrin11","2010-01-03","Šef, (komentator)"
"109","ledenka_","2009-12-27","Šef, (kuhar; komentator; fotograf)"
"110","Anomis","2003-11-04","Šef, ""(kuhar; komentator)"""
"111","irenakr","2010-11-03","Šef, ""(komentator; fotograf)"""
"112","zeta","2009-05-21","Šef, (komentator)"
"113","daga","2007-05-18","Šef, ""(kuhar; komentator)"""
"114","RadaJem","2006-06-12","Šef, (komentator)"
"115","angie.orhideja","2008-07-14","Šef, ""(komentator; fotograf)"""
"116","Dolores","2005-06-20","Šef, (komentator)"
"117","teta torta","2005-09-06","Šef, (komentator)"
"118","Nena-morje","2005-12-21","Šef, ""(komentator; fotograf)"""
"119","rdkapica","2006-07-31","Šef, (komentator)"
"120","tumpika","2006-03-14","Šef, (komentator)"
"121","spagon","2007-06-12","Šef, (komentator)"
"122","anja27","2005-06-02","Šef, ""(kuhar; komentator)"""
"123","Venturini","2002-01-29","Šef, ""(kuhar; komentator)"""
"124","ksenjako","2004-10-10","Šef, (komentator)"
"125","Anemiilat","2016-09-07","Šef, ()"
"126","renata69","2007-03-27","Šef, (komentator)"
"127","terlikar 1","2005-03-10","Šef, ""(kuhar; komentator)"""
"128","Lady_L","2003-08-26","Šef, (komentator)"
"129","sinicka","2010-06-02","Šef, ""(komentator; fotograf)"""
"130","MissLady","2005-07-01","Šef, (kuhar; komentator; fotograf)"
"131","s0ncek*","2007-04-23","Šef, (komentator)"
"132","receptor","2008-10-18","Šef, ""(komentator; fotograf)"""
"133","ena mš","2006-11-18","Šef, (komentator)"
"134","Teka","2005-08-21","Šef, (komentator)"
"135","fasulas","2007-12-26","Šef, (kuhar; komentator; fotograf)"
"136","pinka","2004-06-17","Šef, (komentator)"
"137","mojezlato","2012-12-10","Šef, (komentator)"
"138","matjaž","2002-01-13","Šef, (komentator)"
"139","Sanja_G","2011-12-11","Šef, ""(kuhar; fotograf)"""
"140","jančibake","2014-09-27","Šef, ""(kuhar; fotograf)"""
"141","val","2006-03-07","Šef, ""(kuhar; komentator)"""
"142","veverica","2001-11-12","Šef, (komentator)"
"143","drejcek","2004-01-11","Šef, (komentator)"
"144","bučmanka","2013-04-11","Šef, ()"
"145","Vesnuska","2011-01-01","Šef, ""(kuhar; komentator)"""
"146","titta","2006-09-28","Šef, (komentator)"
"147","666","2005-07-14","Šef, ""(kuhar; komentator)"""
"148","Sy","2003-12-11","Šef, (komentator)"
"149","Kristalka","2007-03-31","Šef, (komentator)"
"150","tedyka","2009-04-23","Šef, (komentator)"
"151","Katja D","2006-05-20","Šef, (kuhar; komentator; fotograf)"
"152","OlivaB","2011-07-05","Šef, (kuhar; komentator; fotograf)"
"153","_ZALA_","2003-10-21","Šef, (komentator)"
"154","VilmaS","2003-10-10","Šef, (komentator)"
"155","jaša","2008-02-01","Šef, (komentator)"
"156","čebulka","2009-01-31","Pomočnik, (komentator)"
"157","Rožica","2004-09-13","Pomočnik, (komentator)"
"158","galyka","2004-10-13","Pomočnik, (komentator)"
"159","shari2007","2012-06-29","Pomočnik, (komentator)"
"160","TORTICA","2002-08-05","Pomočnik, (komentator)"
"161","ninkica","2008-10-31","Pomočnik, ""(komentator; fotograf)"""
"162","tanjaj","2007-06-15","Pomočnik, (komentator)"
"163","nektarina","2006-02-15","Pomočnik, (komentator)"
"164","linolina","2008-03-15","Pomočnik, (kuhar; komentator; fotograf)"
"165","silva","2002-10-01","Pomočnik, (komentator)"
"166","mali kuhar","2011-10-14","Pomočnik, ""(kuhar; komentator)"""
"167","sweety","2006-03-27","Pomočnik, ""(komentator; fotograf)"""
"168","alexis","2006-05-30","Pomočnik, (komentator)"
"169","klavdijaB","2004-03-31","Pomočnik, (komentator)"
"170","tinca","2001-09-03","Pomočnik, (komentator)"
"171","Jannaa","2009-11-29","Pomočnik, ""(komentator; fotograf)"""
"172","jankica","2005-10-12","Pomočnik, (komentator)"
"173","terezija","2003-05-26","Pomočnik, (komentator)"
"174","lisicka","2004-12-22","Pomočnik, (komentator)"
"175","Jerneja USA","2006-11-24","Pomočnik, (komentator)"
"176","čoko","2007-11-19","Pomočnik, (komentator)"
"177","slivovi cmoki","2012-08-07","Pomočnik, (kuhar; komentator; fotograf)"
"178","t-baby","2003-12-14","Pomočnik, ""(kuhar; komentator)"""
"179","beva","2010-01-07","Pomočnik, (komentator)"
"180","SUZANAZ","2003-06-11","Pomočnik, (komentator)"
"181","natalikuha","2014-07-06","Začetnik, "
"182","vitta555","2013-11-02","Začetnik, "
"183","November_Moon","2013-11-27","Začetnik, "
"184","bojanz6","2014-01-28","Začetnik, "
"185","JelkaF","2014-09-25","Začetnik, "
"186","pultica","2012-04-10","Začetnik, "
"187","BlurredLimes","2014-12-10","Začetnik, "
"188","Chef95","2014-07-26","Pripravnik, "
"189","mdominko","2014-10-11","Začetnik, "
"190","mmmuffinsandco","2014-10-21","Začetnik, "
"191","galy","2014-12-14","Začetnik, "
"192","Kanna1984","2011-02-04","Začetnik, "
"193","Mme","2010-07-06","Pripravnik, "
"194","danica85","2014-02-23","Pripravnik, "
"195","MP214","2015-04-28","Začetnik, "
"196","sharonstone","2009-12-14","Začetnik, "
"197","cincila73","2011-01-01","Začetnik, "
"198","sandra68","2014-04-29","Začetnik, "
"199","Frklaa","2009-06-27","Pripravnik, "
"200","nastjaa","2014-10-15","Začetnik, "
"201","piskrcek","2014-12-12","Pripravnik, "
"202","zivagreen","2015-04-18","Začetnik, "
"203","MMATEYKA","2012-11-05","Začetnik, "
"204","ancikabanancika","2014-10-15","Začetnik, "
"205","tyros","2008-11-17","Začetnik, "
"206","Nina_Nia","2015-05-03","Začetnik, "
"207","gobica10","2011-08-03","Začetnik, "
"208","teodorca","2015-02-22","Začetnik, "
"209","Barbara_M","2014-05-19","Začetnik, "
"210","Sandra_a","2010-12-06","Pomočnik, ""(kuhar; komentator)"""
"211","anya_raikkonen","2007-06-03","Pripravnik, (kuhar)"
"212","spakica","2014-10-22","Začetnik, "
"213","goga","2002-06-23","Pripravnik, ""(kuhar; komentator)"""
"214","tulipanka","2011-03-22","Pripravnik, (kuhar)"
"215","pikapolonica80","2010-10-17","Pripravnik, (kuhar)"
"216","anja5588","2015-02-14","Začetnik, "
"217","Dunchi","2014-12-30","Začetnik, "
"218","SandraM","2013-03-27","Začetnik, "
"219","majacebelica","2010-02-11","Pripravnik, ""(kuhar; komentator)"""
"220","blala","2015-03-18","Začetnik, "
"221","ljuljak","2009-02-09","Pripravnik, (kuhar)"
"222","AriadnaXY","2012-04-14","Začetnik, "
"223","Lojzka123","2014-12-07","Začetnik, "
"224","kristi_22","2013-10-28","Začetnik, "
"225","metuljcica23","2014-09-26","Začetnik, "
"226","sa_m","2011-06-06","Začetnik, "
"227","pekicabest","2014-08-09","Začetnik, "
"228","Marina_M","2012-03-23","Začetnik, "
"229","simond","2007-04-06","Pripravnik, "
"230","mihelich","2003-10-29","Začetnik, "
"231","ancii","2015-01-22","Začetnik, "
"232","Janja","2001-10-10","Pripravnik, ""(kuhar; komentator)"""
"233","borutdez","2004-08-25","Začetnik, "
"234","14moniii","2014-11-16","Začetnik, "
"235","Popers","2014-10-25","Začetnik, "
"236","PetraPan","2014-12-03","Začetnik, "
"237","vesoljec","2015-02-23","Začetnik, "
"238","05sostar","2011-02-20","Začetnik, "
"239","nivkapivka","2010-04-29","Pripravnik, (fotograf)"
"240","tibe","2008-02-20","Pripravnik, "
"241","Celeste","2015-03-22","Začetnik, "
"242","strukla","2015-01-02","Začetnik, "
"243","ajga1","2012-07-18","Začetnik, "
"244","pilatus","2010-10-25","Pripravnik, (kuhar)"
"245","scobidoo1234","2015-04-19","Začetnik, "
"246","Levinjav","2005-11-15","Pomočni, ""(kuhar; komentator)"""
"247","bananasplit14","2014-04-08","Začetnik, "
"248","little_me","2014-11-30","Začetnik, "
"249","npahor4","2009-01-16","Pripravnik, "
"250","ssilva","2005-02-23","Pomočnik, (komentator)"
"251","nessy21","2014-09-01","Začetnik, "
"252","dorca","2006-07-22","Začetnik, "
"253","Maja92","2014-08-16","Začetnik, "
"254","barbaraca","2014-08-05","Začetnik, "
"255","abaximan","2014-07-04","Začetnik, "
"256","lanakuft","2014-12-27","Začetnik, "
"257","smajo","2012-12-27","Začetnik, "
"258","anci1234","2014-10-08","Začetnik, "
"259","nxyz","2014-10-03","Pripravnik, "
"260","RahXephon1","2012-07-16","Začetnik, "
"261","kuhardenis","2015-01-26","Začetnik, "
"262","sportdelta","2014-11-12","Začetnik, "
"263","Vesper","2012-04-11","Pripravnik, "
"264","billika5","2010-06-19","Začetnik, "
"265","Olga321","2015-03-11","Začetnik, "
"266","posavka","2011-11-28","Začetnik, "
"267","pestoja","2014-12-28","Začetnik, "
"268","Evvva","2014-03-01","Pripravnik, (kuhar)"
"269","Jamjam","2011-12-11","Začetnik, "
"270","pegasti","2003-01-07","Pripravnik, ""(kuhar;komentator)"""
"271","Tanja01","2014-07-17","Začetnik, "
"272","SUFLE","2015-01-19","Začetnik, "
"273","gegy","2007-03-08","Začetnik, "
"274","kepa11","2010-09-20","Pripravnik, "
"275","Abeta","2005-02-24","Začetnik, "
"276","topsi","2009-06-03","Pripravnik, "
"277","fizik","2015-02-15","Začetnik, "
"278","Mandi_doo","2011-12-05","Začetnik, "
"279","dado1010","2006-01-11","Začetnik, "
"280","nanastil","2015-01-27","Začetnik, "
"281","missan","2011-06-17","Pripravnik, (kuhar)"
"282","Pesjaner1","2014-02-10","Pripravnik, (kuhar)"
"283","teyc","2014-06-04","Začetnik, "
"284","anasteele","2015-04-20","Začetnik, "
"285","noangel","2015-04-25","Začetnik, "
"286","dobrejedi","2011-10-08","Pripravnik, (kuhar)"
"287","Nejcha","2015-01-07","Začetnik, "
"288","Valchxy","2014-09-28","Začetnik, "
"289","BarByKaa","2009-01-03","Začetnik, "
"290","KarelVeliki","2013-02-22","Začetnik, "
"291","branco","2007-11-30","Začetnik, "
"292","P3T4A","2013-04-06","Začetnik, "
"293","ancica003","2014-11-22","Začetnik, "
"294","Patricija92","2015-12-18","Začetnik, "
"295","aryy","2010-08-28","Pripravnik, (kuhar)"
"296","beno71","2010-01-03","Začetnik, "
"297","ZvonkaK","2011-12-01","Pomočnik, (kuhar)"
"298","midvakuhava","2014-10-12","Začetnik, "
"299","lellykely","2013-11-30","Pripravnik, "
"300","piciikaa","2015-04-16","Začetnik, "
"301","evc79","2010-05-05","Začetnik, "
"302","BlizuMesta","2014-06-02","Začetnik, "
"303","Merlisa","2010-02-27","Začetnik, "
"304","anneycyrus","2012-07-05","Začetnik, "
"305","Victor","2013-05-30","Pripravnik, "
"306","micimaci","2013-04-05","Začetnik, "
"307","Receptomanka","2015-01-06","Začetnik, "
"308","nerwen","2009-12-15","Začetnik, "
"309","kokljeva","2015-03-16","Začetnik, "
"310","skinna","2015-03-21","Začetnik, "
"311","fruza","2012-08-19","Pripravnik, "
"312","Vanillia","2015-04-05","Pripravnik, (kuhar)"
"313","P_89","2010-12-28","Začetnik, "
"314","zes5ana","2010-06-09","Pomočnik, (kuhar;fotograf)"
"315","gurmankaH","2009-09-30","Začetnik, "
"316","Piskotka","2014-10-16","Začetnik, "
"317","jasna83","2012-12-09","Začetnik, "
"318","andda","2007-10-03","Začetnik, "
"319","MihaelaB","2013-02-24","Začetnik, "
"320","svenska","2008-11-07","Pomočnik, (komentator)"
"321","bs_ovka","2013-12-03","Začetnik, "
"322","Brusnica","2006-11-09","Začetnik, "
"323","kambro","2012-06-10","Začetnik, "
"324","Omnomnom","2013-01-13","Začetnik, "
"325","tija87","2011-05-04","Začetnik, "
"326","April is cooking","2014-09-02","Pripravnik, (kuhar)"
"327","Božo1969","2014-10-28","Začetnik, "
"328","Milky whey","2014-10-19","Začetnik, "
"329","Maks Klemenčič","2014-10-29","Začetnik, "
"330","Patricija 92","2014-11-01","Začetnik, "
"331","Ančikaa","2014-11-09","Začetnik, "
"332","božiček1","2010-09-19","Začetnik, "
"333","Eva Ana","2010-04-02","Pripravnik, (kuhar)"
"334","T as Tasty","2014-12-16","Pripravnik, (kuhar)"
"335","La Parisienne","2014-12-26","Začetnik, "
"336","boštjanno","2014-11-08","Začetnik, "
"337","Sweetness Bakery","2013-08-28","Pripravnik, (komentator)"
"338","White Daisy","2007-02-18","Pomočnik, (kuhar;fotograf)"
"339","kuharica Sara","2015-02-05","Začetnik, "
"340","the tina","2013-10-05","Pripravnik, (komentator)"
"341","Zorana","2010-04-05","Pomočnik, (kuhar;fotograf)"
"342","Sabina Jug","2011-04-30","Začetnik, "
"343","kuharica k","2014-05-27","Začetnik, "
"344","zlodej marko","2015-04-06","Začetnik, "
"345","ivanal123","2013-09-06","Začetnik, "
"346","Robi Š","2008-02-29","Začetnik, "
